{"im1": [[59.6875, 173.35416666666663], [74.27083333333331, 227.52083333333331], [135.72916666666674, 269.7083333333333], [206.04166666666674, 220.74999999999997], [216.9791666666668, 160.85416666666663], [206.04166666666674, 88.45833333333331], [141.45833333333337, 43.145833333333314], [78.95833333333331, 67.625], [66.45833333333331, 134.8125], [84.6875, 130.64583333333331], [102.91666666666669, 133.77083333333331], [146.66666666666674, 133.25], [169.58333333333343, 129.08333333333331], [195.10416666666674, 130.64583333333331], [73.22916666666669, 157.20833333333331], [93.54166666666669, 150.4375], [110.20833333333337, 158.25], [91.97916666666669, 159.29166666666663], [150.83333333333337, 155.64583333333331], [168.02083333333343, 147.83333333333331], [183.64583333333343, 151.47916666666663], [168.02083333333343, 159.8125], [110.20833333333337, 198.87499999999997], [133.12500000000006, 206.68749999999997], [151.35416666666674, 197.31249999999997], [101.875, 223.35416666666666], [133.64583333333337, 220.74999999999997], [166.97916666666674, 219.70833333333331], [136.77083333333337, 244.1875], [106.04166666666669, 264.5], [106.04166666666669, 294.1875], [187.29166666666674, 250.95833333333331], [188.85416666666674, 292.625], [25.31249999999997, 101.47916666666663], [59.166666666666686, 58.25], [126.87500000000006, 5.124999999999943], [205.52083333333343, 29.083333333333314], [244.0625000000001, 90.02083333333331], [131.04166666666669, 92.625], [130.52083333333337, 141.0625]], "im2": [[45.10416666666666, 190.02083333333331], [56.04166666666666, 280.6458333333333], [138.85416666666674, 358.7708333333333], [226.8750000000001, 286.375], [238.8541666666668, 184.81249999999997], [227.39583333333343, 107.72916666666663], [149.27083333333337, 49.91666666666663], [72.70833333333331, 72.83333333333331], [58.645833333333314, 168.66666666666663], [80.52083333333331, 140.54166666666663], [119.06250000000006, 147.83333333333331], [165.93750000000006, 150.95833333333331], [205.52083333333343, 143.14583333333331], [221.6666666666668, 163.97916666666663], [72.70833333333331, 170.75], [90.41666666666669, 162.9375], [113.33333333333337, 170.22916666666663], [93.54166666666669, 177.0], [165.41666666666674, 171.27083333333331], [191.97916666666674, 162.9375], [209.16666666666674, 174.91666666666663], [188.33333333333343, 174.91666666666663], [111.25000000000006, 228.04166666666666], [141.97916666666674, 237.41666666666666], [164.89583333333343, 225.95833333333331], [96.14583333333337, 279.60416666666663], [140.93750000000006, 277.5208333333333], [181.56250000000006, 281.6875], [139.37500000000006, 292.625], [68.02083333333331, 309.29166666666663], [67.5, 365.0208333333333], [216.45833333333343, 308.25], [216.9791666666668, 346.79166666666663], [33.12499999999997, 115.54166666666663], [34.68749999999997, 50.4375], [134.16666666666674, 1.9999999999999432], [210.72916666666674, 33.24999999999994], [255.52083333333348, 108.77083333333331], [143.02083333333337, 101.47916666666663], [141.45833333333337, 153.5625]]}