{"im1": [[125.8116883116883, 155.28354978354977], [124.98917748917748, 196.4090909090909], [192.43506493506496, 246.58225108225108], [253.3008658008658, 203.8116883116883], [259.0584415584416, 150.34848484848484], [243.84199134199136, 93.18398268398266], [189.96753246753244, 68.91991341991337], [139.38311688311688, 88.24891774891773], [130.33549783549782, 138.83333333333331], [148.84199134199133, 134.7207792207792], [166.93722943722943, 137.59956709956708], [200.66017316017317, 136.77705627705626], [225.33549783549782, 126.9069264069264], [245.8982683982684, 131.43073593073592], [139.38311688311688, 157.33982683982683], [155.83333333333331, 148.7034632034632], [168.9935064935065, 157.75108225108224], [153.77705627705626, 161.04112554112552], [203.53896103896105, 153.63852813852813], [218.75541125541125, 142.534632034632], [233.14935064935062, 148.7034632034632], [220.4004329004329, 156.517316017316], [168.9935064935065, 197.23160173160173], [189.96753246753244, 201.75541125541125], [209.2965367965368, 191.47402597402598], [157.47835497835496, 210.3917748917749], [192.02380952380955, 212.85930735930737], [225.74675324675323, 203.4004329004329], [193.25757575757578, 226.43073593073592], [187.49999999999997, 109.63419913419912], [112.65151515151513, 91.12770562770561], [144.72943722943722, 70.1536796536796], [172.69480519480518, 61.51731601731598], [214.64285714285714, 61.51731601731598], [262.3484848484849, 86.19264069264068]], "im2": [[131.56926406926405, 190.24025974025975], [143.08441558441558, 244.93722943722943], [194.90259740259742, 265.0887445887446], [241.3744588744589, 235.06709956709955], [256.1796536796537, 172.14502164502164], [251.65584415584416, 126.08441558441558], [191.20129870129867, 94.00649350649348], [129.9242424242424, 126.08441558441558], [134.44805194805193, 145.4134199134199], [146.78571428571428, 135.95454545454544], [164.88095238095238, 135.95454545454544], [202.30519480519482, 137.59956709956708], [221.2229437229437, 134.7207792207792], [238.0844155844156, 138.83333333333331], [144.72943722943722, 154.46103896103895], [157.47835497835496, 148.2922077922078], [167.34848484848484, 150.34848484848484], [157.88961038961037, 154.87229437229436], [205.1839826839827, 150.75974025974025], [219.57792207792207, 147.05844155844156], [231.50432900432898, 151.9935064935065], [216.6991341991342, 154.04978354978354], [168.17099567099567, 191.06277056277057], [187.49999999999997, 186.53896103896102], [203.12770562770564, 185.7164502164502], [160.35714285714286, 221.08441558441558], [184.20995670995669, 213.6818181818182], [213.4090909090909, 219.85064935064935], [188.3225108225108, 228.48701298701297], [185.85497835497833, 121.97186147186144], [126.63419913419912, 100.99783549783547], [151.7207792207792, 94.8290043290043], [184.6212121212121, 89.48268398268397], [227.39177489177487, 87.83766233766232], [261.93722943722946, 92.77272727272725]]}