{"im1": [[16.951298701298697, 130.91233766233762], [25.068181818181813, 208.02272727272722], [65.24675324675326, 261.5941558441558], [124.09415584415584, 281.8863636363636], [184.1590909090909, 262.8116883116883], [224.7435064935065, 208.4285714285714], [231.64285714285714, 121.17207792207788], [41.301948051948045, 83.42857142857139], [66.87012987012986, 72.87662337662334], [95.68506493506493, 78.96428571428567], [156.15584415584416, 79.3701298701298], [192.68181818181822, 72.87662337662334], [208.50974025974025, 82.61688311688306], [50.636363636363626, 106.15584415584411], [74.58116883116884, 96.0097402597402], [93.65584415584416, 105.34415584415578], [73.36363636363637, 109.8084415584415], [153.3149350649351, 106.56168831168824], [179.69480519480518, 98.85064935064929], [199.58116883116887, 105.34415584415578], [178.07142857142858, 110.21428571428567], [115.16558441558445, 115.89610389610385], [137.08116883116887, 115.08441558441552], [94.87337662337663, 158.10389610389606], [122.87662337662337, 165.40909090909085], [156.5616883116883, 156.07467532467527], [68.49350649350649, 195.84740259740255], [125.3116883116883, 195.44155844155839], [180.5064935064935, 197.064935064935], [122.87662337662337, 228.314935064935], [81.48051948051949, 170.6850649350649], [73.36363636363637, 180.83116883116878], [169.54870129870133, 168.24999999999994], [177.66558441558445, 179.61363636363632], [126.52922077922076, 36.75649350649343]], "im2": [[38.46103896103895, 137.81168831168827], [51.85389610389609, 202.34090909090904], [81.48051948051949, 239.6785714285714], [121.25324675324677, 253.4772727272727], [165.89610389610388, 235.62012987012983], [202.0162337662338, 188.1363636363636], [209.32142857142858, 109.40259740259734], [46.17207792207793, 106.56168831168824], [63.62337662337663, 98.85064935064929], [84.72727272727272, 102.50324675324669], [134.64610389610388, 102.50324675324669], [155.34415584415584, 96.41558441558436], [181.72402597402598, 99.66233766233762], [55.10064935064935, 126.85389610389606], [75.7987012987013, 121.17207792207788], [92.84415584415584, 129.288961038961], [74.58116883116884, 130.50649350649346], [133.8344155844156, 127.66558441558436], [155.34415584415584, 116.30194805194799], [176.44805194805198, 122.38961038961034], [157.77922077922076, 128.07142857142853], [107.0487012987013, 130.1006493506493], [121.25324675324677, 128.47727272727266], [92.4383116883117, 175.55519480519476], [115.57142857142858, 177.9902597402597], [139.1103896103896, 171.09090909090904], [83.50974025974025, 197.87662337662334], [119.22402597402598, 198.28246753246748], [156.9675324675325, 197.064935064935], [120.0357142857143, 225.06818181818178], [89.5974025974026, 185.70129870129867], [85.94480519480518, 190.9772727272727], [145.60389610389612, 182.04870129870125], [149.66233766233765, 187.73051948051943], [113.13636363636365, 63.9480519480519]]}